Workbook

Sheet Viajes y Cargas
A2: REPORTE DE VIAJES Y CARGA SEMANA - MES
B3: MES | C3: MARZO
A5: CAMION | C5: SEMANA 01 al 07 | D5: SEMANA 06 08 al 14 | E5: SEMANA 15 al 21 | F5: SEMANA 22 al 28 | G5: SEMANA 29 al 31 | H5: TOTAL
A6: CAB-01 | B6: VUELTAS | C6: 0 | D6: 4 | E6: 12 | F6: 6 | G6: 4 | H6: =SUM(C6:G6) -> 26
B7: CARGA | C7: =0/1000 -> 0 | D7: =89950/1000 -> 89.95 | E7: =298355/1000 -> 298.355 | F7: =99400/1000 -> 99.4 | G7: =72820/1000 -> 72.82 | H7: =SUM(C7:G7) -> 560.525
A8: CAB-02 | B8: VUELTAS | C8: 6 | D8: 19 | E8: 6 | F8: 16 | G8: 1 | H8: =SUM(C8:G8) -> 48
B9: CARGA | C9: =123460/1000 -> 123.46 | D9: =429550/1000 -> 429.55 | E9: =113930/1000 -> 113.93 | F9: =377810/1000 -> 377.81 | G9: =35140/1000 -> 35.14 | H9: =SUM(C9:G9) -> 1079.89
A10: CAB-03 | B10: VUELTAS | C10: 8 | D10: 19 | E10: 11 | F10: 10 | G10: 9 | H10: =SUM(C10:G10) -> 57
B11: CARGA | C11: =134544/1000 -> 134.544 | D11: =370130/1000 -> 370.13 | E11: =166940/1000 -> 166.94 | F11: =203780/1000 -> 203.78 | G11: =200320/1000 -> 200.32 | H11: =SUM(C11:G11) -> 1075.714
A12: CAB-05 | B12: VUELTAS | C12: 4 | D12: 22 | E12: 6 | F12: 3 | H12: =SUM(C12:G12) -> 35
B13: CARGA | C13: =65140/1000 -> 65.14 | D13: =427490/1000 -> 427.49 | E13: =130910/1000 -> 130.91 | F13: =45230/1000 -> 45.23 | H13: =SUM(C13:G13) -> 668.77
A14: CAB-06 | B14: VUELTAS | C14: 7 | D14: 17 | E14: 6 | F14: 7 | G14: 1 | H14: =SUM(C14:G14) -> 38
B15: CARGA | C15: =145000/1000 -> 145 | D15: =373760/1000 -> 373.76 | E15: =122690/1000 -> 122.69 | F15: =155030/1000 -> 155.03 | G15: =23330/1000 -> 23.33 | H15: =SUM(C15:G15) -> 819.81
A16: CAB-07 | B16: VUELTAS | C16: 1 | D16: 17 | E16: 5 | F16: 7 | G16: 2 | H16: =SUM(C16:G16) -> 32
B17: CARGA | C17: =20690/1000 -> 20.69 | D17: =338890/1000 -> 338.89 | E17: =106710/1000 -> 106.71 | F17: =209550/1000 -> 209.55 | G17: =70250/1000 -> 70.25 | H17: =SUM(C17:G17) -> 746.09
A18: CAB-08 | B18: VUELTAS | C18: 7 | D18: 17 | E18: 8 | F18: 5 | H18: =SUM(C18:G18) -> 37
B19: CARGA | C19: =142070/1000 -> 142.07 | D19: =366730/1000 -> 366.73 | E19: =173070/1000 -> 173.07 | F19: =175640/1000 -> 175.64 | H19: =SUM(C19:G19) -> 857.51
A20: CAB-09 | B20: VUELTAS | C20: 4 | D20: 11 | E20: 7 | F20: 7 | G20: 1 | H20: =SUM(C20:G20) -> 30
B21: CARGA | C21: =82180/1000 -> 82.18 | D21: =210410/1000 -> 210.41 | E21: =165945/1000 -> 165.945 | F21: =144090/1000 -> 144.09 | G21: =35100/1000 -> 35.1 | H21: =SUM(C21:G21) -> 637.725
A22: CAB-10 | B22: VUELTAS | C22: 0 | D22: 0 | E22: 0 | F22: 3 | G22: 5 | H22: =SUM(C22:G22) -> 8
B23: CARGA | C23: =0/1000 -> 0 | D23: =0/1000 -> 0 | E23: =0/1000 -> 0 | F23: =61650/1000 -> 61.65 | G23: =97980/1000 -> 97.98 | H23: =SUM(C23:G23) -> 159.63
A24: CAB-11 | B24: VUELTAS | C24: 8 | D24: 20 | E24: 8 | F24: 6 | G24: 1 | H24: =SUM(C24:G24) -> 43
B25: CARGA | C25: =151450/1000 -> 151.45 | D25: =413500/1000 -> 413.5 | E25: =167910/1000 -> 167.91 | F25: =195590/1000 -> 195.59 | G25: =30110/1000 -> 30.11 | H25: =SUM(C25:G25) -> 958.56
A26: CAB-12 | B26: VUELTAS | C26: 5 | D26: 7 | E26: 5 | F26: 5 | G26: 2 | H26: =SUM(C26:G26) -> 24
B27: CARGA | C27: =87230/1000 -> 87.23 | D27: =148160/1000 -> 148.16 | E27: =108840/1000 -> 108.84 | F27: =118610/1000 -> 118.61 | G27: =37380/1000 -> 37.38 | H27: =SUM(C27:G27) -> 500.22
A28: CAM-02 Plataforma | B28: VUELTAS | C28: 0 | D28: 0 | E28: 0 | F28: 4 | G28: 1 | H28: =SUM(C28:G28) -> 5
B29: CARGA | C29: =0/1000 -> 0 | D29: 0 | E29: =0/1000 -> 0 | F29: =41710/1000 -> 41.71 | G29: =11800/1000 -> 11.8 | H29: =SUM(C29:G29) -> 53.51
A30: CAM-04 Plataforma | B30: VUELTAS | C30: 0 | D30: 1 | E30: 0 | F30: 0 | H30: =SUM(C30:G30) -> 1
B31: CARGA | C31: =0/1000 -> 0 | D31: =5900/1000 -> 5.9 | E31: =0/1000 -> 0 | F31: =0/1000 -> 0 | H31: =SUM(C31:G31) -> 5.9
A32: CAM-05 Plataforma | B32: VUELTAS | C32: 0 | D32: 1 | E32: 0 | F32: 1 | H32: =SUM(C32:G32) -> 2
B33: CARGA | C33: =0/1000 -> 0 | D33: =11090/1000 -> 11.09 | E33: =0/1000 -> 0 | F33: =12420/1000 -> 12.42 | H33: =SUM(C33:G33) -> 23.51
A34: CAM-07 | B34: VUELTAS | C34: 2 | D34: 2 | E34: 0 | F34: 0 | H34: =SUM(C34:G34) -> 4
B35: CARGA | C35: =10520/1000 -> 10.52 | D35: =9300/1000 -> 9.3 | E35: =0/1000 -> 0 | F35: =0/1000 -> 0 | H35: =SUM(C35:G35) -> 19.82
A36: CAM-08 | B36: VUELTAS | C36: 6 | D36: 7 | E36: 6 | F36: 4 | G36: 2 | H36: =SUM(C36:G36) -> 25
B37: CARGA | C37: =33420/1000 -> 33.42 | D37: =54840/1000 -> 54.84 | E37: =46655/1000 -> 46.655 | F37: =29630/1000 -> 29.63 | G37: =18670/1000 -> 18.67 | H37: =SUM(C37:G37) -> 183.215 | I37: =+F37/F36 -> 7.4075
A38: CAM-09 | B38: VUELTAS | C38: 4 | D38: 3 | E38: 3 | F38: 3 | G38: 1 | H38: =SUM(C38:G38) -> 14
B39: CARGA | C39: =37840/1000 -> 37.84 | D39: =36540/1000 -> 36.54 | E39: =34190/1000 -> 34.19 | F39: =37950/1000 -> 37.95 | G39: =12120/1000 -> 12.12 | H39: =SUM(C39:G39) -> 158.64 | J39: =+E39/E38 -> 11.396667
A40: VOL-02 | B40: VUELTAS | C40: 10 | D40: 21 | E40: 20 | F40: 9 | G40: 3 | H40: =SUM(C40:G40) -> 63
B41: CARGA | C41: =78300/1000 -> 78.3 | D41: =201030/1000 -> 201.03 | E41: =102535/1000 -> 102.535 | F41: =58440/1000 -> 58.44 | G41: =30500/1000 -> 30.5 | H41: =SUM(C41:G41) -> 470.805 | J41: =+E41/E40 -> 5.12675
A42: VOL-04 | B42: VUELTAS | C42: 18 | D42: 23 | E42: 14 | F42: 13 | H42: =SUM(C42:G42) -> 68
B43: CARGA | C43: =110240/1000 -> 110.24 | D43: =160560/1000 -> 160.56 | E43: =54250/1000 -> 54.25 | F43: =61645/1000 -> 61.645 | H43: =SUM(C43:G43) -> 386.695

Sheet BITACORA
A1: BITACORA DE VIAJES Y USO DE CAMIONES
A3: FECHA | B3: CAMION | C3: RUTA | D3: HORA DE SALIDA | E3: HORA DE LLEGADA | F3: CARGA | G3: PESO | H3: CHOFER | I3: NOVEDADES
A4: 44256 | B4: PARTICULAR | C4: HIGHNESS ENTERPRISE CO.,.LTD | D4: 0.44444444 | E4: 0.62986111 | F4: DESPACHO DE HARINA DE CAMARON | G4: 25000 | H4: JOSE APO
A5: 44256 | B5: PARTICULAR | C5: HIGHNESS ENTERPRISE CO.,.LTD | D5: 0.45069444 | E5: 0.63472222 | F5: DESPACHO DE HARINA DE CAMARON | G5: 25000 | H5: EDUARDO DUARTE
A6: 44256 | B6: PARTICULAR | C6: ALEXANDER PANCHANA LIBERTAD | D6: 0.55902778 | E6: 0.61527778 | F6: PAÑOS USADOS | G6: 2530 | H6: ANTONIO MALAVE PEREZ
A7: 44256 | B7: PARTICULAR | C7: COMBUSPETROL | D7: 0.54444444 | E7: 0.61319444 | F7: BUNKER | G7: 35370 | H7: JOSE LEON
A8: 44256 | B8: CAM-8 | C8: FRIGOLANDIA-CEPROMAR | D8: 0.57916667 | E8: 0.39652778 | F8: SUBPRODUCTO DE DORADO | G8: 7240 | H8: CESAR INTRIAGO
A9: 44256 | B9: PARTICULAR | C9: COMBUSPETROL | D9: 0.62152778 | E9: 0.59652778 | F9: BUNKER | G9: 35340 | H9: DAVID GONZALEZ
A10: 44256 | B10: CAB-11 | C10: TAURA FORTIDEX | D10: 0.63819444 | E10: 0.72430556 | F10: TRASLADO DE HARINA DE CAMARON | G10: 21070 | H10: FEDERICO PIONCE
A11: 44256 | B11: PLATAFORMA | C11: MUELLE FORTIDEX | D11: 0.65416667 | E11: 0.675 | F11: INGRESO DE MALLAS USADAS | G11: 1220 | H11: JAVIER ICAZA
A12: 44256 | B12: CAB-8 | C12: GISIS S.A. | D12: 0.67222222 | E12: 0.72986111 | F12: DESPACHO DE HIDROLIZADO DE PESCADO | G12: 23470 | H12: CARLOS VILLAACRESES
A13: 44256 | B13: CAB-9 | C13: TAURA FORTIDEX | D13: 0.67708333 | E13: 0.70763889 | F13: TRASLADO DE HARINA DE CAMARON | G13: 21070 | H13: GALO TUAZA
A14: 44256 | B14: CAB-2 | C14: TAURA FORTIDEX | D14: 0.68472222 | E14: 0.81597222 | F14: TRASLADO DE HARINA DE CAMARON | G14: 21090 | H14: ANDERSON VALENCIA
A15: 44256 | B15: CAM-7 | C15: DOCAPES | D15: 0.97152778 | E15: 0.41319444 | F15: SUBPRODUCTO DE MERLUZA | G15: 6780 | H15: JAIME ALBAN
... A64: 44259 | B64: VOL-2 | C64: B/P SAN JORGE | D64: 0.70972222 | E64: 0.71666667 | F64: MORENILLO | G64: 11290 | H64: FIDEL CRESPIN
A65: 44259 | B65: CAB-11 | C65: BIOMAR | D65: 0.74652778 | F65: INGRESO DE 16 IBC | G65: 18480 | H65: FEDERICO PIONCE
A66: 44259 | B66: VOL-2 | C66: B/P SAN JORGE | D66: 0.76319444 | E66: 0.77569444 | F66: MORENILLO-POLLA-GALLINAZA-SARDINA | G66: 3050 | H66: FIDEL CRESPIN
A67: 44259 | B67: CAB-5 | C67: GISIS S.A. | D67: 0.78819444 | E67: 0.37430556 | F67: DEVOLUCION DE 5 BINES VACIOS IBC | G67: 310 | H67: VICTOR QUINDE
A68: 44259 | B68: PARTICULAR | C68: HERNAN MAZZINI | D68: 0.80972222 | E68: 0.89652778 | F68: POLLA-BAGRE-GALLINA | G68: 8400 | H68: HENRIQUE CHALEN
A69: 44259 | B69: CAB-3 | C69: SALICA | D69: 0.82152778 | E69: 0.37083333 | F69: AGUA DE COCCION | G69: 11214 | H69: EDGAR CASTRO
A70: 44259 | B70: VOL-2 | C70: B/P PARDELA | D70: 0.825 | E70: 0.83472222 | F70: MORENILLO | G70: 3840 | H70: FIDEL CRESPIN
A71: 44259 | B71: PARTICULAR | C71: HERNAN MAZZINI | D71: 0.83958333 | E71: 0.85694444 | F71: POLLA-BAGRE | G71: 9220 | H71: MARCOS QUITIO
A72: 44259 | B72: CAM-8 | C72: CEPROFISH | D72: 0.91527778 | E72: 0.44930556 | F72: SUBPRODUCTO DE DORADO | G72: 2160 | H72: CESAR INTRIAGO
A73: 44259 | B73: PARTICULAR | C73: JUAN DELGADO | D73: 0.9375 | E73: 0.99375 | F73: SUBPRODUCTO DE ALBACORA | G73: 12265 | H73: VICTOR SILVA
A74: 44259 | B74: VOL-2 | C74: HERNAN MAZZINI | D74: 0.93958333 | E74: 0.95138889 | F74: POLLA BAGRE | G74: 10620 | H74: FIDEL CRESPIN
A75: 44259 | B75: CAB-9 | C75: GISIS S.A. | D75: 0.94305556 | E75: 0.39305556 | F75: DESPACHO ACEITE DE PESCADO | G75: 20450 | H75: GALO TUAZA
A76: 44259 | B76: VOL-4 | C76: B/P ANGEL | D76: 0.99166667 | E76: 0 | F76: MORENILLO | G76: 630 | H76: FIDEL CRESPIN
A77: 44260 | B77: PARTICULAR | C77: HERNAN MAZZINI | D77: 0.015277778 | E77: 0.036805556 | F77: GALLINA | G77: 7220 | H77: MARCOS QUITIO
... A337: 44267 | B337: PARTICULAR | C337: HERNAN MAZZINI | D337: 0.96180556 | E337: 0.0055555556 | F337: SARDINA | G337: 2660 | H337: ENRIQUE CHALEN
A338: 44267 | B338: CAB-9 | C338: B/P VB III | D338: 23:08 | E338: 0.10625 | F338: SARDINA | G338: 23110 | H338: GALO TUAZA
A339: 44267 | B339: PARTICULAR | C339: LADY SOLIS | D339: 0.98333333 | E339: 0.072222222 | F339: MORENILLO | G339: 11140 | H339: JUAN MATEO
A340: 44268 | B340: CAM-9 | C340: SEAFMAN | D340: 0.052777778 | E340: 0.28263889 | F340: SUBPRODUCTO DE ATUN COCIDO - VISCERAS AGALLAS | G340: 11490 | H340: ALFREDO CEDEÑO
A341: 44268 | B341: CAB-3 | C341: B/P ALZOMAR - B/P DIYAIMAR IV - B/P JOEL | D341: 0.084722222 | E341: 0.093055556 | F341: HOJA - CARA | G341: 10960 | H341: EDGAR CASTRO
A342: 44268 | B342: PARTICULAR | C342: HERNAN MAZZINI | D342: 0.088888889 | E342: 0.13611111 | F342: GALLINA | G342: 4670 | H342: MARCOS QUITIO
A343: 44268 | B343: CAM-8 | C343: CEPROMAR - FRIGOLANDIA - CEPROFISH | D343: 0.12291667 | E343: 0.13472222 | F343: SUB PRODUCTO DE DORADO - VISCERAS | G343: 10140 | H343: CESAR INTRIAGO
A344: 44268 | B344: CAB-12 | C344: PROMOPESCA | D344: 0.12569444 | E344: 0.1375 | F344: SUBPODUCTO DE ATUN COCIDO-CRUDO | G344: 22240 | H344: SANTIAGO MALDONADO
A345: 44268 | B345: PARTICULAR | C345: XIAMEN SEASHINE CEREALS DEVELOPMENT CO., LTD | D345: 0.35069444 | E345: 0.55208333 | F345: DESPACHO DE HARINA DE PESCADO | G345: 26500 | H345: EDUARDO DUARTE
A346: 44268 | B346: PARTICULAR | C346: XIAMEN SEASHINE CEREALS DEVELOPMENT CO., LTD | D346: 0.35347222 | E346: 0.56388889 | F346: DESPACHO DE HARINA DE PESCADO | G346: 26500 | H346: ALEXIS BASANTE
A347: 44268 | B347: PARTICULAR | C347: XIAMEN SEASHINE CEREALS DEVELOPMENT CO., LTD | D347: 0.35763889 | E347: 0.55 | F347: DESPACHO DE HARINA DE PESCADO | G347: 26500 | H347: JOSE APO
A348: 44268 | B348: CAB-7 | C348: B/P MARIANITA | D348: 0.35555556 | E348: 0.36111111 | F348: BOTELLA | G348: 22950 | H348: RENE MARQUEZ
A349: 44268 | B349: CAB-3 | C349: B/P MARIANITA | D349: 0.3625 | E349: 0.36944444 | F349: BOTELLA | G349: 23210 | H349: EDGAR CASTRO
A350: 44268 | B350: CAB-5 | C350: BODEGA JAMBELI | D350: 0.37430556 | E350: 0.38263889 | F350: TRASLADO DE HARINA DE PESCADO | G350: 1820 | H350: VICTOR QUINDE
... A437: 44269 | B437: CAB-11 | C437: B/P JOEL | D437: 0.92777778 | E437: 0.94236111 | F437: CORBATA | G437: 14780 | H437: FEDERICO PIONCE
A438: 44270 | B438: CAM-8 | C438: MIRELLA SORIANO PLUAS | D438: 0.18888889 | E438: 05;28 | F438: SUBPRODUCTO DE CORTE DE BOTELLA | G438: 5915 | H438: CESAR INTRIAGO
A439: 44270 | B439: VOL-4 | C439: B/P MARIANITA | D439: 0.36111111 | E439: 0.38194444 | F439: MORENILLO | G439: 5130 | H439: FIDEL CRESPIN
A440: 44270 | B440: CAB-11 | C440: BODEGA JAMBELI | D440: 0.3875 | E440: 0.41319444 | F440: TRASLADO DE HARINA DE PESCADO | G440: 25250 | H440: FEDERICO PIONCE
A441: 44270 | B441: CAB-1 | C441: BODEGA JAMBELI | D441: 0.39791667 | E441: 0.43472222 | F441: TRASLADO DE HARINA DE PESCADO | G441: 25290 | H441: EDGAR CASTRO
A442: 44270 | B442: CAB-9 | C442: BODEGA JAMBELI | D442: 0.44444444 | E442: 0.47847222 | F442: TRASLADO DE HARINA DE PESCADO | G442: 25270 | H442: GALO TUAZA
A443: 44270 | B443: CAB-11 | C443: BODEGA JAMBELI | D443: 0.47708333 | E443: 0.50763889 | F443: TRASLADO DE HARINA DE PESCADO | G443: 25320 | H443: FEDERICO PIONCE
A444: 44270 | B444: VOL-2 | C444: B/P REGALITO DE DIOS III | D444: 0.48263889 | E444: 0.48888889 | F444: GALLINA 93% BOTELLA 7% | G444: 7530 | H444: RONNY JORDAN
A445: 44270 | B445: PLATAFORMA | C445: MUELLE FORTIDEX | D445: 0.50902778 | E445: 0.54583333 | F445: INGRESO DE CHATARRA - PALLET MALLAS USADAS | G445: 740 | H445: JAVIER ICAZA
A446: 44270 | B446: CAB-2 | C446: B/P DALMACIA | D446: 0.51041667 | E446: 0.51944444 | F446: GALLINA 86% BOTELLA 14% | G446: 12560 | H446: ANDERSON VALENCIA
A447: 44270 | B447: CAB-1 | C447: BODEGA JAMBELI | D447: 0.53541667 | E447: 0.56736111 | F447: TRASLADO DE HARINA DE PESCADO | G447: 25290 | H447: EDGAR CASTRO
A448: 44270 | B448: PARTICULAR | C448: RICHARD QUIMI | D448: 0.53680556 | E448: 0.63472222 | F448: HARINA MOJADA DE TECHO | G448: 1280 | H448: JOSE LASER
A449: 44270 | B449: CAB-6 | C449: B/P ANTONELLA | D449: 0.5375 | E449: 0.55486111 | F449: MORENILLO | G449: 10580 | H449: PABLO VILLON
A450: 44270 | B450: CAB-8 | C450: B/P PARDELA | D450: 0.56388889 | E450: 0.57708333 | F450: MORENILLO GALLINA | G450: 22970 | H450: CARLOS VILLACRESES
... A505: 44271 | B505: PARTICULAR | C505: HERNAN MAZZINI | D505: 0.80277778 | E505: 0.84305556 | F505: GALLINA | G505: 6850 | H505: ENRIQUE CHALEN
A506: 44271 | B506: CAB-11 | C506: ALIMENTSA S.A | D506: 0.81111111 | F506: INGRESO 20 BINES VACIOS | G506: 17290 | H506: FEDERICO PIONCE
A507: 44271 | B507: CAB-8 | C507: SALICA | D507: 0.81805556 | E507: 0.37916667 | F507: AGUA DE COCCION | G507: 25050 | H507: CARLOS VILLACRESES
A508: 44271 | B508: VOL-2 | C508: HERNAN MAZZINI | D508: 0.85763889 | E508: 0.86944444 | F508: POLLA-BAGRE | G508: 5360 | H508: RONNY JORDAN
A509: 44271 | B509: PARTICULAR | C509: HERNAN MAZZINI | D509: 0.89166667 | E509: 0.90486111 | F509: CHUHUECO | G509: 310 | H509: ROSENDO LINDAO
A510: 44271 | B510: PARTICULAR | C510: JUAN DELGADO | D510: 0.94305556 | E510: 0.0048611111 | F510: SUBPRODUCTO DE ALBACORA | G510: 11010 | H510: VICTOR SILVA
A511: 44272 | B511: PARTICULAR | C511: PAULINA PALADINES | D511: 0.086111111 | E511: 0.16527778 | F511: SUBPRODUCTO DE MERLUZA-MORENILLLO | G511: 8070 | H511: VICTOR MENDEZ
A512: 44272 | B512: CAB-12 | C512: PROMOPESCA | D512: 0.17152778 | E512: 0.17916667 | F512: SUBPODUCTO DE ATUN COCIDO-CRUDO | G512: 23320 | H512: SANTIAGO MALDONADO
A513: 44272 | B513: PARTICULAR | C513: MARCELO VERA YEPEZ | D513: 0.32916667 | E513: 0.35416667 | F513: SUBPRODUCTO DE TROMPETA | G513: 2740 | H513: MARCELO VERA YEPEZ
A514: 44272 | B514: CAB-1 | C514: BODEGA JAMBELI | D514: 0.40902778 | E514: 0.47083333 | F514: TRASLADO DE HARINA DE PESCADO | G514: 25720 | H514: FERNANDO CASTRO
A515: 44272 | B515: VOL-4 | C515: B/P DIJAYMAR IV | D515: 0.4125 | E515: 0.42291667 | F515: BAGRE-SARDINA | G515: 3170 | H515: FIDEL CRESPIN
A516: 44272 | B516: VOL-2 | C516: B/P DOÑA BERTHA | D516: 0.44236111 | E516: 0.45 | F516: GALLINA | G516: 8730 | H516: RONNY JORDAN
A517: 44272 | B517: PARTICULAR | C517: DARWIN CAMACHO | D517: 0.45972222 | E517: 0.52569444 | F517: VENTAS DE SACOS FUERA DE USO | G517: 4460 | H517: JHON VERA
A518: 44272 | B518: CAB-7 | C518: B/P DOÑA BERTHA | D518: 0.46736111 | E518: 0.47986111 | F518: GALLINA-MORENILLO | G518: 19280 | H518: RENE MARQUEZ
... A919: 44286 | B919: CAM-8 | C919: CEPROFISH - FRIGOLANDIA - MOLPRO - CEPROMAR | D919: 0.94652778 | E919: 0.99027778 | F919: SUB PRODUCTO DE DORADO | G919: 3940 | H919: CESAR INTRIAGO
F920: Total de Carga | G920: =SUM(G4:G919)/1000 -> 12684.959
A923: Total de Carga | B923: =SUBTOTAL(9,B924:B939) -> 12684.959 | C923: =SUM(C924:C939) -> 1
A924: Total de Materia Prima (Pelagico) | B924: =+E924/D924 -> 7118.535 | C924: =+B924/B923 -> 0.56117919 | D924: 1000 | E924: =+((G8+G15+G16+G17+G22+G23+G24+G27+G31+G32+G33+G34+G35+G37+G38+G40+G41+G42+G43+G44+G45+G46+G48+G49+G51+G52+G54+G55+G56+G58+G59+G60+G61+G62+G63+G64+G66+G68+G70+G71+G72+G73+G74+G76+G77+G78+G79+G80+G81+G83+G84+G85+G86+G87+G89+G90+G91+G92+G93+G94+G95+G96+G97+G99+G101+G102+G104+G105+G106+G107+G108+G109+G110+G111+G112+G113+G114+G115+G116+G117+G118+G119+G120+G121+G122+G123+G124+G125+G126+G127+G128+G129+G130+G131+G132+G134+G133+G135+G136+G137+G138+G139+G140+G144+G145+G146+G147+G150+G152+G153+G154+G158+G159+G160+G161+G162+G163+G164+G165+G166+G167+G168+G170+G171+G172+G173+G174+G175+G176+G177+G179+G180+G181+G182+G183+G184+G185+G186+G187+G189+G190+G191+G192+G193+G194+G195+G197+G198+G199+G200+G201+G202+G203+G204+G205+G206+G207+G208+G210+G211+G212+G214+G215+G216+G217+G218+G219+G220+G221+G222+G223+G224+G225+G226+G227+G229+G231+G233+G234+G235+G236+G237+G238+G239+G240+G242+G243+G244+G247+G246+G248+G250+G251+G252+G253+G254+G255+G256+G257+G258+G259+G260+G261+G262+G263+G264+G265+G266+G275+G276+G277+G278+G279+G280+G281+G283+G284+G285+G286+G287+G288+G289+G290+G291+G292+G293+G294+G296+G297+G299+G302+G303+G304+G305+G306+G307+G308+G309+G310+G311+G318+G323+G324+G327+G328+G329+G331+G333+G334+G335+G336+G337+G338+G339+G340+G341+G342+G343+G344+G348+G349+G351+G354+G355+G358+G359+G360+G361+G362+G363+G364+G365+G366+G368+G369+G370+G371+G372+G373+G374+G376+G377+G378+G379+G380+G381+G382+G383+G384+G385+G386+G387+G389+G390+G391)+(+G392+G393+G394+G395+G396+G397+G398+G399+G400+G401+G402+G403+G404+G405+G406+G407+G408+G409+G410+G411+G412+G413+G414+G415+G416+G417+G418+G419+G421+G422+G423+G424+G425+G426+G427+G428+G429+G430+G431+G432+G433+G434+G435+G436+G437+G438+G439+G444+G446+G448+G449+G450+G451+G452+G453+G455+G458+G461+G462+G463+G466+G467+G469+G470+G471+G472+G473+G474+G475+G476+G477+G479+G481+G483+G484+G485+G487+G488+G489+G492+G494+G495+G496+G500+G503+G504+G505+G508+G509+G510+G511+G512+G513+G515+G516+G518+G519+G520+G521+G522+G523+G526+G527+G528+G529+G530+G532+G535+G540+G541+G542+G543+G544+G545+G546+G547+G548+G549+G550+G552+G556+G557+G559+G560+G562+G564+G565+G566+G567+G568+G569+G570+G571+G572+G575+G576+G577+G579+G580+G581+G582+G583+G584+G585+G586+G587+G588+G589+G590+G591+G600+G601+G602+G603+G604+G608+G609+G611+G612+G615+G617+G619+G621+G622+G623+G624+G632+G634+G635+G636+G637+G638+G639+G640+G641+G642+G643+G644+G645+G646+G647+G648+G649+G650+G651+G652+G653+G654+G655+G656+G657+G658+G659+G660+G661+G662+G663+G664+G665+G668+G671+G672+G674+G676+G677+G678+G680+G682+G683+G684+G685+G686+G687+G688+G689+G690+G691+G692+G694+G695+G696+G697+G698+G699+G700+G701+G702+G703+G704+G706+G711+G714+G720+G721+G722+G723+G726+G728+G730+G731+G732+G733+G734+G735+G736+G737+G738+G739+G740+G741+G742+G743+G744+G746+G747+G748+G749+G750+G751+G752+G753+G754+G755+G756+G757+G758+G759+G760+G763+G764+G769+G770+G771+G773+G775+G776+G778+G779+G780+G782+G784+G785+G786+G787+G788+G790+G791+G792+G793+G794+G795+G796+G797+G798+G799+G800+G801+G802+G803+G811+G814+G818+G819+G821+G822+G823+G824+G825+G826+G827+G828+G829+G830+G836+G840+G842+G843+G845+G846+G847+G848+G849+G850+G851+G852+G853+G854+G855+G856+G857+G858+G859+G860+G861+G874+G878+G881+G882+G883+G884+G885+G886+G887+G888+G889+G893+G897+G901+G907+G909+G910+G911+G912+G913+G916+G918+G919+G460)) -> 7118535
A925: Transporte Particular Venta Local | B925: =+E925/D925 -> 132.69 | C925: =+B925/B923 -> 0.01046042 | D925: 1000 | E925: =+G28+G36+G156+G157+G267+G480 -> 132690
A926: Transporte Venta Local | B926: =+E926/D926 -> 930.42 | C926: =+B926/B923 -> 0.073348286 | D926: 1000 | E926: =+G142+G143+G295+G531+G574+G673+G675+G681+G724+G727+G729+G774+G777+G781+G809+G812+G815+G837+G838+G839+G862+G863+G864+G871+G872+G876+G902+G914 -> 930420
A927: Export. Harina de Pescado | B927: =+E927/D927 -> 1325 | C927: =+B927/B923 -> 0.10445442 | D927: 1000 | E927: =+G313+G314+G315+G317+G321+G322+G345+G346+G347+G352+G356+G357+G592+G593+G594+G596+G597+G599+G605+G606+G610+G613+G614+G616+G625+G626+G627+G628+G629+G630+G707+G708+G709+G710+G712+G716+G717+G718+G761+G762+G765+G766+G767+G768+G890+G891+G892+G895+G896+G898 -> 1325000
A928: Export. Harina de Camaron | B928: =+E928/D928 -> 100 | C928: =+B928/B923 -> 0.0078833522 | D928: 1000 | E928: =+G4+G5+G631+G633 -> 100000
A929: Traslado harina Pescado Jambeli | B929: =+E929/D929 -> 1301.76 | C929: =+B929/B923 -> 0.10262233 | D929: 1000 | E929: =+G98+G100+G148+G151+G196+G209+G230+G232+G245+G271+G274+G312+G316+G319+G320+G325+G350+G353+G367+G375+G440+G441+G442+G443+G447+G454+G456+G459+G478+G482+G498+G514+G524+G553+G554+G555+G558+G561+G563+G573+G669+G679+G713+G804+G806+G807+G808+G810+G831+G832+G834+G835+G866+G867+G868+G869+G870+G873 -> 1301760
A930: Traslado harina Camaron Taura Part. | B930: =+E930/D930 -> 194.46 | C930: =+B930/B923 -> 0.015329967 | D930: 1000 | E930: =+G490+G499+G502+G534+G536+G537+G539+G595+G620 -> 194460
A931: Traslado harina Camaron Taura | B931: =+E931/D931 -> 84.44 | C931: =+B931/B923 -> 0.0066567026 | D931: 1000 | E931: =+G10+G13+G14+G19 -> 84440
A932: Venta Aceite | B932: =+E932/D932 -> 141.93 | C932: =+B932/B923 -> 0.011188842 | D932: 1000 | E932: =+G25+G47+G75+G141+G783+G817+G844 -> 141930
A933: Venta Aceite Tq./Particular | B933: =+E933/D933 -> 0.4 | C933: =+B933/B923 -> 3.1533409e-05 | D933: 1000 | E933: =+G57 -> 400
A934: Venta de Hidrolizado | B934: =+E934/D934 -> 258.68 | C934: =+B934/B923 -> 0.020392656 | D934: 1000 | E934: =+G12+G29+G30+G241+G465+G501+G525+G725+G813+G875+G877+G915 -> 258680
A935: Compra de Bunker | B935: =+E935/D935 -> 388.56 | C935: =+B935/B923 -> 0.030631553 | D935: 1000 | E935: =+G7+G9+G188+G228+G326+G457+G464+G491+G607+G667+G719 -> 388560
A936: Materiales de Co nstrucción | B936: =+E936/D936 -> 36.63 | C936: =+B936/B923 -> 0.0028876719 | D936: 1000 | E936: =+G705+G894+G900+G903 -> 36630
A937: Agua de Coccion | B937: =+E937/D937 -> 525.074 | C937: =+B937/B923 -> 0.041393433 | D937: 1000 | E937: =+G18+G21+G39+G69+G103+G169+G213+G249+G301+G332+G468+G507+G538+G578+G618+G693+G745+G789+G820+G841+G880+G908+G917 -> 525074
A938: Ventas varios (Sacos, Redes Chatarra etc.) | B938: =+E938/D938 -> 11.6 | C938: =+B938/B923 -> 0.00091446886 | D938: 1000 | E938: =+G268+G273+G486+G517+G904 -> 11600
A939: Ingresos Varios (Pallets, Bines etc.) | B939: =+E939/D939 -> 134.78 | C939: =+B939/B923 -> 0.010625182 | D939: 1000 | E939: =+G6+G11+G20+G26+G50+G53+G65+G67+G82+G88+G149+G155+G178+G269+G270+G272+G282+G298+G300+G330+G388+G420+G445+G493+G497+G506+G533+G598+G666+G670+G715+G772+G805+G816+G833+G865+G879+G899+G905+G906+G551 -> 134780
B950: BAÑERA
B951: CONTENEDOR
B952: PLATAFORMA
B953: TANQUERO
A957: viajes de vehiculos por carga transportada
A959: Cab-01 | B959: Materia Prima | C959: =(+G417+G426+G431+G611+G732)/1000 -> 98.135
B960: Despacho Hidrolizado Venta | C960: =(+G875)/1000 -> 23.35
B961: Traslado Har./Pescado Jambeli | C961: =(+G196+G441+G447+G459+G478+G482+G498+G514+G524+G553+G558+G573+G669+G679+G867+G869)/1000 -> 387.26
B962: Ingreso Varios | C962: =(+G865+G905)/1000 -> 10.72
B963: A./Cocción Salica | C963: =(+G693+G745)/1000 -> 41.06
A964: Cab-02 | B964: Materia Prima | C964: =(+G58+G84+G93+G131+G150+G161+G187+G199+G229+G360+G371+G382+G410+G422+G433+G446+G458+G484+G520+G543+G636)/1000 -> 409.27
...

Sheet Camiones
A2: Cam-02 | B2: =+BITACORA!B1017 -> Traslado de Harina Jambeli | C2: =+BITACORA!C1017 -> 49.81 | D2: =+C2/C4 -> 0.93085405
B3: =+BITACORA!B1018 -> Ingreso Varios | C3: =+BITACORA!C1018 -> 3.7 | D3: =+C3/C4 -> 0.069145954
A4: Total de carga | C4: =SUM(C2:C3) -> 53.51 | D4: =SUM(D2:D3) -> 1
A9: Cam-04 | B9: =+BITACORA!B1019 -> Ingreso Varios | C9: =+BITACORA!C1019 -> 5.9 | D9: =+C9/C10 -> 1
A10: Total de carga | C10: =SUM(C9:C9) -> 5.9 | D10: =SUM(D9:D9) -> 1
A16: Cam-05 | B16: =+BITACORA!B1020 -> Traslado de Harina Jambeli | C16: =+BITACORA!C1020 -> 23.51 | D16: =+C16/C17 -> 1
A17: Total de carga | C17: =SUM(C16:C16) -> 23.51 | D17: =SUM(D16:D16) -> 1
A23: Cam-07 | B23: =+BITACORA!B1021 -> Sub-Prod. Pelagicos | C23: =+BITACORA!C1021 -> 19.82 | D23: =+C23/C24 -> 1
A24: Total de carga | C24: =SUM(C23:C23) -> 19.82 | D24: =SUM(D23:D23) -> 1
A29: Cam-08 | B29: =+BITACORA!B1022 -> Sub-Prod. Pelagicos | C29: =+BITACORA!C1022 -> 178.515 | D29: =+C29/C31 -> 0.97434708
B30: =+BITACORA!B1023 -> Ingreso Varios | C30: =+BITACORA!C1023 -> 4.7 | D30: =+C30/C31 -> 0.025652921
A31: Total de carga | C31: =SUM(C29:C30) -> 183.215 | D31: =SUM(D29:D30) -> 1
A35: Cam-09 | B35: =+BITACORA!B1024 -> Sub-Prod. Pelagicos Seafman | C35: =+BITACORA!C1024 -> 158.38 | D35: =+C35/C37 -> 0.99836107
B36: =+BITACORA!B1025 -> Ingreso Varios | C36: =+BITACORA!C1025 -> 0.26 | D36: =+C36/C37 -> 0.0016389309
A37: Total de carga | C37: =SUM(C35:C36) -> 158.64 | D37: =SUM(D35:D36) -> 1
A42: Vol-02 | B42: =+BITACORA!B1026 -> Materia Prima | C42: =+BITACORA!C1026 -> 440.305 | D42: =+C42/C44 -> 0.93521734
B43: =+BITACORA!B1027 -> Mat./Contruccion | C43: =+BITACORA!C1027 -> 30.5 | D43: =+C43/C44 -> 0.064782659
A44: Total de carga | C44: =SUM(C42:C43) -> 470.805 | D44: =SUM(D42:D43) -> 1
A48: Vol-04 | B48: =+BITACORA!B1028 -> Materia Prima | C48: =+BITACORA!C1028 -> 386.695 | D48: =+C48/C49 -> 1
A49: Total de carga | C49: =SUM(C48:C48) -> 386.695 | D49: =SUM(D48:D48) -> 1

Sheet Cargas por remolque
B1: DISCO | C1: REMOLQUE | D1: TIPOS DE CARGA | E1: TON./CARGA | F1: PORCENTAJE POR CARGA | G1: PORCENTAJE POR REMOLQUE | H1: TOTAL/TON. REMOLQUE
B2: Cab-01 | C2: BAÑERA | D2: =+BITACORA!B959 -> Materia Prima | E2: =+BITACORA!C959 -> 98.135 | F2: =+E2/E7 -> 0.17507694 | G2: =+F2 -> 0.17507694 | H2: =+E2 -> 98.135
C3: PLATAFORMA | D3: =+BITACORA!B960 -> Despacho Hidrolizado Venta | E3: =+BITACORA!C960 -> 23.35 | F3: =+E3/E7 -> 0.041657375 | G3: =+F3+F4+F5 -> 0.75167031 | H3: =+E3+E4+E5 -> 421.33
D4: =+BITACORA!B961 -> Traslado Har./Pescado Jambeli | E4: =+BITACORA!C961 -> 387.26 | F4: =+E4/E7 -> 0.69088801
D5: =+BITACORA!B962 -> Ingreso Varios | E5: =+BITACORA!C962 -> 10.72 | F5: =+E5/E7 -> 0.019124928
C6: TANQUERO | D6: =+BITACORA!B963 -> A./Cocción Salica | E6: =+BITACORA!C963 -> 41.06 | F6: =+E6/E7 -> 0.073252754 | G6: =+F6 -> 0.073252754 | H6: =+E6 -> 41.06
B7: Total de carga | E7: =SUM(E2:E6) -> 560.525 | F7: =SUBTOTAL(9,F2:F6) -> 1 | G7: =SUBTOTAL(9,G2:G6) -> 1
B21: DISCO | C21: REMOLQUE | D21: TIPOS DE CARGA | E21: TON./CARGA | F21: PORCENTAJE POR CARGA | G21: PORCENTAJE POR REMOLQUE | H21: TOTAL/TON. REMOLQUE
B22: Cab-02 | C22: BAÑERA | D22: =+BITACORA!B964 -> Materia Prima | E22: =+BITACORA!C964 -> 409.27 | F22: =+E22/E28 -> 0.3789923 | G22: =+F22+F23 -> 0.69631166 | H22: =+E22+E23 -> 751.94
D23: =+BITACORA!B965 -> Scrap Atun Salica | E23: =+BITACORA!C965 -> 342.67 | F23: =+E23/E28 -> 0.31731936
C24: CONTENEDOR | D24: =+BITACORA!B966 -> Despacho Harina venta | E24: =+BITACORA!C966 -> 70.28 | F24: =+E24/E28 -> 0.065080703 | G24: =+F24 -> 0.065080703 | H24: =+E24 -> 70.28
C25: PLATAFORMA | D25: =+BITACORA!B967 -> Traslado Har./Pescado Jambeli | E25: =+BITACORA!C967 -> 175.42 | F25: =+E25/E28 -> 0.16244247 | G25: =+F25+F26 -> 0.18197224 | H25: =+E25+E26 -> 196.51
D26: =+BITACORA!B968 -> Traslado Har./Camaron Taura | E26: =+BITACORA!C968 -> 21.09 | F26: =+E26/E28 -> 0.019529767
C27: TANQUERO | D27: =+BITACORA!B969 -> A./Cocción Salica | E27: =+BITACORA!C969 -> 61.16 | F27: =+E27/E28 -> 0.056635398 | G27: =+F27 -> 0.056635398 | H27: =+E27 -> 61.16
B28: Total de carga | E28: =SUM(E22:E27) -> 1079.89 | F28: =SUM(F22:F27) -> 1 | G28: =SUM(G22:G27) -> 1
B46: DISCO | C46: REMOLQUE | D46: TIPOS DE CARGA | E46: TON./CARGA | F46: PORCENTAJE POR CARGA | G46: PORCENTAJE POR REMOLQUE | H46: TOTAL/TON. REMOLQUE
B47: Cab-03 | C47: BAÑERA | D47: =+BITACORA!B970 -> Materia Prima | E47: =+BITACORA!C970 -> 649.87 | F47: =+E47/E51 -> 0.60412898 | G47: =+F47+F48 -> 0.77070671 | H47: =+E47+E48 -> 829.06
D48: =+BITACORA!B971 -> Scrap Atun Salica | E48: =+BITACORA!C971 -> 179.19 | F48: =+E48/E51 -> 0.16657773
C49: PLATAFORMA | D49: =+BITACORA!B972 -> Traslado Har./Pescado Jambeli | E49: =+BITACORA!C972 -> 105.26 | F49: =+E49/E51 -> 0.097851288 | G49: =+F49 -> 0.097851288 | H49: =+E49 -> 105.26
C50: TANQUERO | D50: =+BITACORA!B973 -> A./Cocción Salica | E50: =+BITACORA!C973 -> 141.394 | F50: =+E50/E51 -> 0.131442 | G50: =+F50 -> 0.131442 | H50: =+E50 -> 141.394
B51: Total de carga | E51: =SUM(E47:E50) -> 1075.714 | F51: =SUM(F47:F50) -> 1 | G51: =SUM(G47:G50) -> 1
B67: DISCO | C67: REMOLQUE | D67: TIPOS DE CARGA | E67: TON./CARGA | F67: PORCENTAJE POR CARGA | G67: PORCENTAJE POR REMOLQUE | H67: TOTAL/TON. REMOLQUE
B68: Cab-05 | C68: BAÑERA | D68: =+BITACORA!B974 -> Materia Prima | E68: =+BITACORA!C974 -> 518.26 | F68: =+E68/E72 -> 0.77494505 | G68: =+F68 -> 0.77494505 | H68: =+E68 -> 518.26
C69: PLATAFORMA | D69: =+BITACORA!B975 -> Traslado Har./Pescado Jambeli | E69: =+BITACORA!C975 -> 127.23 | F69: =+E69/E72 -> 0.19024478 | G69: =+F69+F70+F71 -> 0.22505495 | H69: =+E69+E70+E71 -> 150.51
D70: =+BITACORA!B976 -> Ingreso Varios | E70: =+BITACORA!C976 -> 0.31 | F70: =+E70/E72 -> 0.00046353754
D71: =+BITACORA!B977 -> Despacho Hidrolizado Venta | E71: =+BITACORA!C977 -> 22.97 | F71: =+E71/E72 -> 0.034346636
B72: Total de carga | E72: =SUM(E68:E71) -> 668.77 | F72: =SUM(F68:F71) -> 1 | G72: =SUM(G68:G71) -> 1
B87: DISCO | C87: REMOLQUE | D87: TIPOS DE CARGA | E87: TON./CARGA | F87: PORCENTAJE POR CARGA | G87: PORCENTAJE POR REMOLQUE | H87: TOTAL/TON. REMOLQUE
B88: Cab-06 | C88: BAÑERA | D88: =+BITACORA!B978 -> Materia Prima | E88: =+BITACORA!C978 -> 609.18 | F88: =+E88/E93 -> 0.74307461 | G88: =+F88 -> 0.74307461 | H88: =+E88 -> 609.18
C89: CONTENEDOR | D89: =+BITACORA!B979 -> Despacho Harina venta | E89: =+BITACORA!C979 -> 25.36 | F89: =+E89/E93 -> 0.030933997 | G89: =+F89 -> 0.030933997 | H89: =+E89 -> 25.36
C90: PLATAFORMA | D90: =+BITACORA!B980 -> Despacho Hidrolizado Venta | E90: =+BITACORA!C980 -> 23.33 | F90: =+E90/E93 -> 0.028457813 | G90: =+F90+F91 -> 0.1961918 | H90: =+E90+E91 -> 160.84
D91: =+BITACORA!B981 -> Traslado Har./Pescado Jambeli | E91: =+BITACORA!C981 -> 137.51 | F91: =+E91/E93 -> 0.16773399
C92: TANQUERO | D92: =+BITACORA!B982 -> A./Cocción Salica | E92: =+BITACORA!C982 -> 24.43 | F92: =+E92/E93 -> 0.029799588 | G92: =+F92 -> 0.029799588 | H92: =+E92 -> 24.43
B93: Total de carga | E93: =SUM(E88:E92) -> 819.81 | F93: =SUM(F88:F92) -> 1 | G93: =SUM(G88:G92) -> 1
B109: DISCO | C109: REMOLQUE | D109: TIPOS DE CARGA | E109: TON./CARGA | F109: PORCENTAJE POR CARGA | G109: PORCENTAJE POR REMOLQUE | H109: TOTAL/TON. REMOLQUE
B110: Cab-07 | C110: BAÑERA | D110: =+BITACORA!B983 -> Materia Prima | E110: =+BITACORA!C983 -> 372.75 | F110: =+E110/E115 -> 0.49960461 | G110: =+F110 -> 0.49960461 | H110: =+E110 -> 372.75
C111: CONTENEDOR | D111: =+BITACORA!B984 -> Despacho Harina venta | E111: =+BITACORA!C984 -> 300.91 | F111: =+E111/E115 -> 0.40331595 | G111: =+F111 -> 0.40331595 | H111: =+E111 -> 300.91
C112: PLATAFORMA | D112: =+BITACORA!B985 -> Traslado Har./Pescado Jambeli | E112: =+BITACORA!C985 -> 50.9 | F112: =+E112/E115 -> 0.068222332 | G112: =+F112+F113 -> 0.070165798 | H112: =+E112+E113 -> 52.35
D113: =+BITACORA!B986 -> Ingreso Varios | E113: =+BITACORA!C986 -> 1.45 | F113: =+E113/E115 -> 0.0019434653
C114: TANQUERO | D114: =+BITACORA!B987 -> Despacho de Aceite | E114: =+BITACORA!C987 -> 20.08 | F114: =+E114/E115 -> 0.026913643 | G114: =+F114 -> 0.026913643 | H114: =+E114 -> 20.08
B115: Total de carga | E115: =SUM(E110:E114) -> 746.09 | F115: =SUM(F110:F114) -> 1 | G115: =SUM(G110:G114) -> 1
B131: DISCO | C131: REMOLQUE | D131: TIPOS DE CARGA | E131: TON./CARGA | G131: PORCENTAJE | H131: TOTAL/TON. REMOLQUE
B132: Cab-08 | C132: BAÑERA | D132: =+BITACORA!B988 -> Materia Prima | E132: =+BITACORA!C988 -> 424.62 | F132: =+E132/E138 -> 0.4951779 | G132: =+F132 -> 0.4951779 | H132: =+E132 -> 424.62
C133: CONTENEDOR | D133: =+BITACORA!B989 -> Despacho Harina venta | E133: =+BITACORA!C989 -> 175.64 | F133: =+E133/E138 -> 0.2048256 | G133: =+F133 -> 0.2048256 | H133: =+E133 -> 175.64
C134: PLATAFORMA | D134: =+BITACORA!B990 -> Traslado Har./Pescado Jambeli | E134: =+BITACORA!C990 -> 25.37 | F134: =+E134/E138 -> 0.029585661 | G134: =+F134+F135+F136 -> 0.065853459 | H134: =+E134+E135+E136 -> 56.47
D135: =+BITACORA!B991 -> Despacho Hidrolizado Venta | E135: =+BITACORA!C991 -> 23.47 | F135: =+E135/E138 -> 0.027369943
D136: =+BITACORA!B992 -> Ingreso Varios | E136: =+BITACORA!C992 -> 7.63 | F136: =+E136/E138 -> 0.0088978554
C137: TANQUERO | D137: =+BITACORA!B993 -> A./Cocción Salica | E137: =+BITACORA!C993 -> 200.78 | F137: =+E137/E138 -> 0.23414304 | G137: =+F137 -> 0.23414304 | H137: =+E137 -> 200.78
B138: Total de carga | E138: =SUM(E132:E137) -> 857.51 | F138: =SUM(F132:F137) -> 1 | G138: =SUM(G132:G137) -> 1
B156: DISCO | C156: REMOLQUE | D156: TIPOS DE CARGA | E156: TON./CARGA | G156: PORCENTAJE | H156: TOTAL/TON. REMOLQUE
B157: Cab-09 | C157: BAÑERA | D157: =+BITACORA!B994 -> Materia Prima | E157: =+BITACORA!C994 -> 300.275 | F157: =+E157/E164 -> 0.47085342 | G157: =+F157 -> 0.47085342 | H157: =+E157 -> 300.275
C158: CONTENEDOR | D158: =+BITACORA!B995 -> Despacho harina Venta | E158: =+BITACORA!C995 -> 70.2 | F158: =+E158/E164 -> 0.1100788 | G158: =+F158 -> 0.1100788 | H158: =+E158 -> 70.2
C159: PLATAFORMA | D159: =+BITACORA!B996 -> Despacho Hidrolizado Venta | E159: =+BITACORA!C996 -> 46.5 | F159: =+E159/E164 -> 0.072915442 | G159: =+F159+F160+F161+F162 -> 0.22799796 | H159: =+E159+E160+E161+E162 -> 145.4
D160: =+BITACORA!B997 -> Traslado Har./Camaron Taura | E160: =+BITACORA!C997 -> 21.07 | F160: =+E160/E164 -> 0.033039319
D161: =+BITACORA!B998 -> Traslado Har./Pescado Jambeli | E161: =+BITACORA!C998 -> 75.77 | F161: =+E161/E164 -> 0.11881297
D162: =+BITACORA!B999 -> Ingreso Varios | E162: =+BITACORA!C999 -> 2.06 | F162: =+E162/E164 -> 0.0032302325
C163: TANQUERO | D163: =+BITACORA!B1000 -> Despacho de Aceite | E163: =+BITACORA!C1000 -> 121.85 | F163: =+E163/E164 -> 0.19106982 | G163: =+F163 -> 0.19106982 | H163: =+E163 -> 121.85
B164: Total de carga | E164: =SUM(E157:E163) -> 637.725 | F164: =SUM(F157:F163) -> 1 | G164: =SUM(G157:G163) -> 1
B180: DISCO | C180: REMOLQUE | D180: TIPOS DE CARGA | E180: TON./CARGA | F180: PORCENTAJE POR CARGA | G180: PORCENTAJE POR REMOLQUE | H180: TOTAL/TON. REMOLQUE
B181: Cab-10 | C181: BAÑERA | D181: =+BITACORA!B1001 -> Materia Prima | E181: =+BITACORA!C1001 -> 61.65 | F181: =+E181/E184 -> 0.3862056 | G181: =+F181 -> 0.3862056 | H181: =+E181 -> 61.65
C182: PLATAFORMA | D182: =+BITACORA!B1002 -> Traslado Har./Pescado Jambeli | E182: =+BITACORA!C1002 -> 41.73 | F182: =+E182/E184 -> 0.26141703 | G182: =+F182 -> 0.26141703 | H182: =+E182 -> 41.73
C183: TANQUERO | D183: =+BITACORA!B1003 -> A./Cocción Salica | E183: =+BITACORA!C1003 -> 56.25 | F183: =+E183/E184 -> 0.35237737 | G183: =+F183 -> 0.35237737 | H183: =+E183 -> 56.25
B184: Total de carga | E184: =SUM(E181:E183) -> 159.63 | F184: =SUM(F181:F183) -> 1 | G184: =SUM(G181:G183) -> 1
B199: DISCO | C199: REMOLQUE | D199: TIPOS DE CARGA | E199: TON./CARGA | F199: PORCENTAJE POR CARGA | G199: PORCENTAJE POR REMOLQUE | H199: TOTAL/TON. REMOLQUE
B200: Cab-11 | C200: BAÑERA | D200: =+BITACORA!B1004 -> Materia Prima | E200: =+BITACORA!C1004 -> 424.98 | F200: =+E200/E207 -> 0.44335253 | G200: =+F200+F201 -> 0.46328868 | H200: =+E200+E201 -> 444.09
D201: =+BITACORA!B1005 -> Scrap Atun Manta | E201: =+BITACORA!C1005 -> 19.11 | F201: =+E201/E207 -> 0.019936154
C202: CONTENEDOR | D202: =+BITACORA!B1006 -> Despacho harina Venta | E202: =+BITACORA!C1006 -> 288.03 | F202: =+E202/E207 -> 0.30048197 | G202: =+F202 -> 0.30048197 | H202: =+E202 -> 288.03
C203: PLATAFORMA | D203: =+BITACORA!B1007 -> Despacho Hidrolizado Venta | E203: =+BITACORA!C1007 -> 46.4 | F203: =+E203/E207 -> 0.048405942 | G203: =+F203+F204+F205+F206 -> 0.23622934 | H203: =+E203+E204+E205+E206 -> 226.44
D204: =+BITACORA!B1008 -> Traslado Har./Camaron Taura | E204: =+BITACORA!C1008 -> 42.28 | F204: =+E204/E207 -> 0.044107828
D205: =+BITACORA!B1009 -> Traslado Har./Pescado Jambeli | E205: =+BITACORA!C1009 -> 101.99 | F205: =+E205/E207 -> 0.10639918
D206: =+BITACORA!B1010 -> Ingreso Varios | E206: =+BITACORA!C1010 -> 35.77 | F206: =+E206/E207 -> 0.037316391
B207: Total de carga | E207: =SUM(E200:E206) -> 958.56 | F207: =SUBTOTAL(9,F200:F206) -> 1 | G207: =SUBTOTAL(9,G200:G206) -> 1
B224: DISCO | C224: REMOLQUE | D224: TIPOS DE CARGA | E224: TON./CARGA | G224: PORCENTAJE | H224: TOTAL/TON. REMOLQUE
B225: Cab-12 | C225: BAÑERA | D225: =+BITACORA!B1011 -> Materia Prima | E225: =+BITACORA!C1011 -> 17.19 | F225: =+E225/E227 -> 0.034364879 | G225: =+F225 -> 0.034364879 | H225: =+E225 -> 17.19
D226: =+BITACORA!B1012 -> Scrap Atun Manta | E226: =+BITACORA!C1012 -> 483.03 | F226: =+E226/E227 -> 0.96563512 | G226: =+F226 -> 0.96563512 | H226: =+E226 -> 483.03
B227: Total de carga | E227: =SUM(E225:E226) -> 500.22 | F227: =SUM(F225:F226) -> 1 | G227: =SUM(G225:G226) -> 1

Sheet Rendimiento Choferes
A2: REPORTE DE VIAJES Y CARGA POR RENDIMIENTO | K2: Castro Choez Edgar
D3: MES | E3: MARZO | K3: Iñiga Bohorquez Hugo
K4: Maldonado Reyes Santiago
A5: NOMINA | B5: UNIDAD | C5: REMOLQUE | D5: VUELTAS | E5: CARGA TRANSPORTADA | F5: CAPACIDAD CAMION TM | G5: CAPACIDAD NOMINAL DISPONIBLE | H5: REND. / VIAJE | I5: % USO CAMION TM | K5: Marquez Arias Rene
A6: Sr. Castro Choez Edgar David | B6: CAB-01 | C6: BAÑERA | D6: 3 | E6: =+(64640)/1000 -> 64.64 | F6: 20 | G6: =+F6*D6 -> 60 | H6: =+(E6/G6)-1 -> 0.077333333 | I6: =1+H6 -> 1.0773333 | K6: Pionce Pachay Federico
C7: PLATAFORMA | D7: 3 | E7: =+(74870)/1000 -> 74.87 | F7: 30 | G7: =+F7*D7 -> 90 | H7: =+(E7/G7)-1 -> -0.16811111 | I7: =1+H7 -> 0.83188889 | K7: Quinde Flores Victor
B8: CAB-03 | C8: BAÑERA | D8: 40 | E8: =+(753675)/1000 -> 753.675 | F8: 20 | G8: =+F8*D8 -> 800 | H8: =+(E8/G8)-1 -> -0.05790625 | I8: =1+H8 -> 0.94209375 | K8: Tuaza Vargas Galo
C9: PLATAFORMA | D9: 5 | E9: =+(105260)/1000 -> 105.26 | F9: 30 | G9: =+F9*D9 -> 150 | H9: =+(E9/G9)-1 -> -0.29826667 | I9: =1+H9 -> 0.70173333 | K9: Valencia Yagual Anderson
C10: TANQUERO | D10: 7 | E10: =+(141394)/1000 -> 141.394 | F10: 30 | G10: =+F10*D10 -> 210 | H10: =+(E10/G10)-1 -> -0.32669524 | I10: =1+H10 -> 0.67330476 | K10: Villacreses De La A Carlos
B11: Vol-04 | D11: 1 | E11: =+(5250)/1000 -> 5.25 | F11: 8 | G11: =+F11*D11 -> 8 | H11: =+(E11/G11)-1 -> -0.34375 | I11: =1+H11 -> 0.65625 | K11: Villon De Los Angeles Pablo | S11: 48
D12: =SUM(D6:D11) -> 59 | E12: =SUM(E6:E11) -> 1145.089 | G12: =SUM(G6:G11) -> 1318 | H12: =+(E12/G12)-1 -> -0.13119196 | I12: =1+H12 -> 0.86880804 | S12: =+#REF!-T12 -> #REF!
A13: Carga Promedio del Conductor =======================================> | G13: =+E12/D12 -> 19.408288
A15: Sr. Iñiga Bohorquez Hugo Roberto | B15: CAB-01 | C15: BAÑERA | D15: 2 | E15: =+(33495)/1000 -> 33.495 | F15: 20 | G15: =+F15*D15 -> 40 | H15: =+(E15/G15)-1 -> -0.162625 | I15: =1+H15 -> 0.837375
C16: PLATAFORMA | D16: 10 | E16: =+(193960)/1000 -> 193.96 | F16: 30 | G16: =+F16*D16 -> 300 | H16: =+(E16/G16)-1 -> -0.35346667 | I16: =1+H16 -> 0.64653333
C17: TANQUERO | D17: 2 | E17: =+(41060)/1000 -> 41.06 | F17: 30 | G17: =+F17*D17 -> 60 | H17: =+(E17/G17)-1 -> -0.31566667 | I17: =1+H17 -> 0.68433333
D18: =SUM(D15:D17) -> 14 | E18: =SUM(E15:E17) -> 268.515 | G18: =+SUM(G15:G17) -> 400 | H18: =+(E18/G18)-1 -> -0.3287125 | I18: =1+H18 -> 0.6712875
A19: Carga Promedio del Conductor =======================================> | G19: =+E18/D18 -> 19.179643
A21: Sr. Maldonado Reyes Santiago Rafael | B21: CAB-12 | C21: BAÑERA | D21: 23 | E21: =+(483030)/1000 -> 483.03 | F21: 20 | G21: =+F21*D21 -> 460 | H21: =+(E21/G21)-1 -> 0.050065217 | I21: =1+H21 -> 1.0500652
D22: =SUM(D21:D21) -> 23 | E22: =SUM(E21:E21) -> 483.03 | G22: =SUM(G21:G21) -> 460 | H22: =+(E22/G22)-1 -> 0.050065217 | I22: =1+H22 -> 1.0500652
A23: Carga Promedio del Conductor =======================================> | G23: =+E22/D22 -> 21.001304
A25: Sr. Marquez Arias Rene Alejandrino | B25: CAB-02 | C25: BAÑERA | D25: 1 | E25: =+(13980)/1000 -> 13.98 | F25: 20 | G25: =+F25*D25 -> 20 | H25: =+(E25/G25)-1 -> -0.301 | I25: =1+H25 -> 0.699
B26: CAB-07 | C26: BAÑERA | D26: 19 | E26: =+(372750)/1000 -> 372.75 | F26: 20 | G26: =+F26*D26 -> 380 | H26: =+(E26/G26)-1 -> -0.019078947 | I26: =1+H26 -> 0.98092105
C27: CONTENEDOR | D27: 9 | E27: =+(300910)/1000 -> 300.91 | F27: 30 | G27: =+F27*D27 -> 270 | H27: =+(E27/G27)-1 -> 0.11448148 | I27: =1+H27 -> 1.1144815
C28: PLATAFORMA | D28: 1 | E28: =+(1450)/1000 -> 1.45 | F28: 30 | G28: =+F28*D28 -> 30 | H28: =+(E28/G28)-1 -> -0.95166667 | I28: =1+H28 -> 0.048333333
C29: TANQUERO | D29: 1 | E29: =+(20080)/1000 -> 20.08 | F29: 30 | G29: =+F29*D29 -> 30 | H29: =+(E29/G29)-1 -> -0.33066667 | I29: =1+H29 -> 0.66933333
B30: VOL-02 | D30: 3 | E30: =+(20760)/1000 -> 20.76 | F30: 8 | G30: =+F30*D30 -> 24 | H30: =+(E30/G30)-1 -> -0.135 | I30: =1+H30 -> 0.865
D31: =SUM(D25:D30) -> 34 | E31: =SUM(E25:E30) -> 729.93 | G31: =SUM(G25:G30) -> 754 | H31: =+(E31/G31)-1 -> -0.031923077 | I31: =1+H31 -> 0.96807692
A32: Carga Promedio del Conductor =======================================> | G32: =+E31/D31 -> 21.468529
A34: Sr. Pionce Pachay Federico Demecio | B34: CAB-07 | C34: BAÑERA | D34: 24 | E34: =+(444090)/1000 -> 444.09 | F34: 20 | G34: =+F34*D34 -> 480 | H34: =+(E34/G34)-1 -> -0.0748125 | I34: =1+H34 -> 0.9251875
C35: CONTENEDOR | D35: 9 | E35: =+(288030)/1000 -> 288.03 | F35: 30 | G35: =+F35*D35 -> 270 | H35: =+(E35/G35)-1 -> 0.066777778 | I35: =1+H35 -> 1.0667778
C36: PLATAFORMA | D36: 10 | E36: =+(226440)/1000 -> 226.44 | F36: 30 | G36: =+F36*D36 -> 300 | H36: =+(E36/G36)-1 -> -0.2452 | I36: =1+H36 -> 0.7548
D37: =SUM(D34:D36) -> 43 | E37: =SUM(E34:E36) -> 958.56 | G37: =SUM(G34:G36) -> 1050 | H37: =+(E37/G37)-1 -> -0.087085714 | I37: =1+H37 -> 0.91291429
A38: Carga Promedio del Conductor =======================================> | G38: =+E37/D37 -> 22.292093
A40: Sr. Quinde Flores Victor Eloy | B40: CAB-05 | C40: BAÑERA | D40: 27 | E40: =+(518260)/1000 -> 518.26 | F40: 20 | G40: =+F40*D40 -> 540 | H40: =+(E40/G40)-1 -> -0.040259259 | I40: =1+H40 -> 0.95974074
C41: PLATAFORMA | D41: 8 | E41: =+(150510)/1000 -> 150.51 | F41: 30 | G41: =+F41*D41 -> 240 | H41: =+(E41/G41)-1 -> -0.372875 | I41: =1+H41 -> 0.627125
B42: CAM-05 | D42: 1 | E42: =+(12420)/1000 -> 12.42 | F42: 8 | G42: =+F42*D42 -> 8 | H42: =+(E42/G42)-1 -> 0.5525 | I42: =1+H42 -> 1.5525
D43: =SUM(D40:D42) -> 36 | E43: =SUM(E40:E42) -> 681.19 | G43: =SUM(G40:G42) -> 788 | H43: =+(E43/G43)-1 -> -0.13554569 | I43: =1+H43 -> 0.86445431
A44: Carga Promedio del Conductor =======================================> | G44: =+E43/D43 -> 18.921944
A46: Sr. Tuaza Vargas Victor Galo | B46: CAB-01 | C46: PLATAFORMA | D46: 1 | E46: =+(25310)/1000 -> 25.31 | F46: 30 | G46: =+F46*D46 -> 30 | H46: =+(E46/G46)-1 -> -0.15633333 | I46: =1+H46 -> 0.84366667
B47: CAB-09 | C47: BAÑERA | D47: 15 | E47: =+(300275)/1000 -> 300.275 | F47: 20 | G47: =+F47*D47 -> 300 | H47: =+(E47/G47)-1 -> 0.00091666667 | I47: =1+H47 -> 1.0009167
C48: CONTENEDOR | D48: 2 | E48: =+(70200)/1000 -> 70.2 | F48: 30 | G48: =+F48*D48 -> 60 | H48: =+(E48/G48)-1 -> 0.17 | I48: =1+H48 -> 1.17
C49: PLATAFORMA | D49: 7 | E49: =+(145400)/1000 -> 145.4 | F49: 30 | G49: =+F49*D49 -> 210 | H49: =+(E49/G49)-1 -> -0.30761905 | I49: =1+H49 -> 0.69238095
C50: TANQUERO | D50: 6 | E50: =+(121850)/1000 -> 121.85 | F50: 30 | G50: =+F50*D50 -> 180 | H50: =+(E50/G50)-1 -> -0.32305556 | I50: =1+H50 -> 0.67694444
B51: CAM-05 | D51: 1 | E51: =+(11090)/1000 -> 11.09 | F51: 8 | G51: =+F51*D51 -> 8 | H51: =+(E51/G51)-1 -> 0.38625 | I51: =1+H51 -> 1.38625
D52: =SUM(D46:D51) -> 32 | E52: =SUM(E46:E51) -> 674.125 | G52: =SUM(G46:G51) -> 788 | H52: =+(E52/G52)-1 -> -0.14451142 | I52: =1+H52 -> 0.85548858
A53: Carga Promedio del Conductor =======================================> | G53: =+E52/D52 -> 21.066406
A55: Sr. Valencia Yagual Anderson | B55: CAB-02 | C55: BAÑERA | D55: 35 | E55: =+(737960)/1000 -> 737.96 | F55: 20 | G55: =+F55*D55 -> 700 | H55: =+(E55/G55)-1 -> 0.054228571 | I55: =1+H55 -> 1.0542286
C56: CONTENEDOR | D56: 2 | E56: =+(70280)/1000 -> 70.28 | F56: 30 | G56: =+F56*D56 -> 60 | H56: =+(E56/G56)-1 -> 0.17133333 | I56: =1+H56 -> 1.1713333
C57: PLATAFORMA | D57: 8 | E57: =+(196510)/1000 -> 196.51 | F57: 30 | G57: =+F57*D57 -> 240 | H57: =+(E57/G57)-1 -> -0.18120833 | I57: =1+H57 -> 0.81879167
C58: TANQUERO | D58: 2 | E58: =+(61160)/1000 -> 61.16 | F58: 30 | G58: =+F58*D58 -> 60 | H58: =+(E58/G58)-1 -> 0.019333333 | I58: =1+H58 -> 1.0193333
D59: =SUM(D55:D58) -> 47 | E59: =SUM(E55:E58) -> 1065.91 | G59: =SUM(G55:G58) -> 1060 | H59: =+(E59/G59)-1 -> 0.0055754717 | I59: =1+H59 -> 1.0055755
A60: Carga Promedio del Conductor =======================================> | G60: =+E59/D59 -> 22.678936
A62: Sr. Villacreses De La A Carlos Alberto | B62: CAB-08 | C62: BAÑERA | D62: 21 | E62: =+(424620)/1000 -> 424.62 | F62: 20 | G62: =+F62*D62 -> 420 | H62: =+(E62/G62)-1 -> 0.011 | I62: =1+H62 -> 1.011
C63: CONTENEDOR | D63: 5 | E63: =+(175640)/1000 -> 175.64 | F63: 30 | G63: =+F63*D63 -> 150 | H63: =+(E63/G63)-1 -> 0.17093333 | I63: =1+H63 -> 1.1709333
C64: PLATAFORMA | D64: 2 | E64: =+(33000)/1000 -> 33 | F64: 30 | G64: =+F64*D64 -> 60 | H64: =+(E64/G64)-1 -> -0.45 | I64: =1+H64 -> 0.55
C65: TANQUERO | D65: 8 | E65: =+(200780)/1000 -> 200.78 | F65: 30 | G65: =+F65*D65 -> 240 | H65: =+(E65/G65)-1 -> -0.16341667 | I65: =1+H65 -> 0.83658333
D66: =SUM(D62:D65) -> 36 | E66: =SUM(E62:E65) -> 834.04 | G66: =SUM(G62:G65) -> 870 | H66: =+(E66/G66)-1 -> -0.041333333 | I66: =1+H66 -> 0.95866667
A67: Carga Promedio del Conductor =======================================> | G67: =+E66/D66 -> 23.167778
A69: Sr. Villon de Los Angeles Pablo Inocente | B69: CAB-06 | C69: BAÑERA | D69: 30 | E69: =+(626370)/1000 -> 626.37 | F69: 20 | G69: =+F69*D69 -> 600 | H69: =+(E69/G69)-1 -> 0.04395 | I69: =1+H69 -> 1.04395
C70: PLATAFORMA | D70: 8 | E70: =+(186200)/1000 -> 186.2 | F70: 30 | G70: =+F70*D70 -> 240 | H70: =+(E70/G70)-1 -> -0.22416667 | I70: =1+H70 -> 0.77583333
C71: TANQUERO | D71: 1 | E71: =+(24430)/1000 -> 24.43 | F71: 30 | G71: =+F71*D71 -> 30 | H71: =+(E71/G71)-1 -> -0.18566667 | I71: =1+H71 -> 0.81433333
D72: =SUM(D69:D71) -> 39 | E72: =SUM(E69:E71) -> 837 | G72: =SUM(G69:G71) -> 870 | H72: =+(E72/G72)-1 -> -0.037931034 | I72: =1+H72 -> 0.96206897
A73: Carga Promedio del Conductor =======================================> | G73: =+E72/D72 -> 21.461538
A75: Valor total Flota Vehicular Data | D75: =+D12+D18+D22+D31+D37+D43+D52+D59+D66+D72 -> 363 | E75: =+E12+E18+E22+E31+E37+E43+E52+E59+E66+E72 -> 7677.389 | G75: =+G72+G66+G52+G43+G31+G22+G18 -> 4930 | H75: =+(E75/G75)-1 -> 0.55727972 | I75: =1+H75 -> 1.5572797
G76: =+E75/D75 -> 21.149832
A78: Sr. Alvan Garcia Jaime Enrique | B78: CAM-02 | D78: 5 | E78: =+(53510)/1000 -> 53.51 | F78: 10 | G78: =+F78*D78 -> 50 | H78: =+(E78/G78)-1 -> 0.0702 | I78: =1+H78 -> 1.0702
B79: CAM-04 | D79: 1 | E79: =+(5900)/1000 -> 5.9 | F79: 8 | G79: =+F79*D79 -> 8 | H79: =+(E79/G79)-1 -> -0.2625 | I79: =1+H79 -> 0.7375
B80: CAM-07 | D80: 4 | E80: =+(19820)/1000 -> 19.82 | F80: 8 | G80: =+F80*D80 -> 32 | H80: =+(E80/G80)-1 -> -0.380625 | I80: =1+H80 -> 0.619375
B81: CAM-08 | D81: 1 | E81: =+(8230)/1000 -> 8.23 | F81: 12 | G81: =+F81*D81 -> 12 | H81: =+(E81/G81)-1 -> -0.31416667 | I81: =1+H81 -> 0.68583333
B82: VOL-02 | D82: 1 | E82: =+(9700)/1000 -> 9.7 | F82: 8 | G82: =+F82*D82 -> 8 | H82: =+(E82/G82)-1 -> 0.2125 | I82: =1+H82 -> 1.2125
B83: VOL-04 | D83: 3 | E83: =+(28660)/1000 -> 28.66 | F83: 8 | G83: =+F83*D83 -> 24 | H83: =+(E83/G83)-1 -> 0.19416667 | I83: =1+H83 -> 1.1941667
D84: =SUM(D78:D83) -> 15 | E84: =SUM(E78:E83) -> 125.82 | G84: =SUM(G78:G83) -> 134 | H84: =+(E84/G84)-1 -> -0.061044776 | I84: =1+H84 -> 0.93895522
A85: Carga Promedio del Conductor =======================================> | G85: =+E84/D84 -> 8.388
A87: Sr. Crespin Figueroa Fidel | B87: VOL-02 | D87: 6 | E87: =+(47840)/1000 -> 47.84 | F87: 8 | G87: =+F87*D87 -> 48 | H87: =+(E87/G87)-1 -> -0.0033333333 | I87: =1+H87 -> 0.99666667
B88: VOL-04 | D88: 64 | E88: =+(352785)/1000 -> 352.785 | F88: 8 | G88: =+F88*D88 -> 512 | H88: =+(E88/G88)-1 -> -0.3109668 | I88: =1+H88 -> 0.6890332
D89: =SUM(D87:D88) -> 70 | E89: =SUM(E87:E88) -> 400.625 | G89: =SUM(G87:G88) -> 560 | H89: =+(E89/G89)-1 -> -0.28459821 | I89: =1+H89 -> 0.71540179
A90: Carga Promedio del Conductor =======================================> | G90: =+E89/D89 -> 5.7232143
A92: Sr. Intriago Pincay Cesar Emiliano | B92: CAM-08 | D92: 24 | E92: =+(174985)/1000 -> 174.985 | F92: 12 | G92: =+F92*D92 -> 288 | H92: =+(E92/G92)-1 -> -0.39241319 | I92: =1+H92 -> 0.60758681
D93: =SUM(D92:D92) -> 24 | E93: =SUM(E92:E92) -> 174.985 | G93: =SUM(G92:G92) -> 288 | H93: =+(E93/G93)-1 -> -0.39241319 | I93: =1+H93 -> 0.60758681
A94: Carga Promedio del Conductor =======================================> | G94: =+E93/D93 -> 7.2910417
D96: =+D93+D89+D84 -> 109 | E96: =+E93+E89+E84 -> 701.43 | G96: =+G93+G89+G84 -> 982 | H96: =+(E96/G96)-1 -> -0.28571283 | I96: =1+H96 -> 0.71428717
D97: VUELTAS | E97: CARGA TRANSPORTADA | F97: CAPACIDAD CAMION TM | G97: CAPACIDAD NOMINAL DISPONIBLE | H97: REND. / VIAJE | I97: % USO CAMION TM
B98: Flota Vehicular Data | D98: =+D96+D75 -> 472 | E98: =+E96+E75 -> 8378.819 | G98: =+G96+G75 -> 5912 | H98: =+(E98/G98)-1 -> 0.41725626 | I98: =1+H98 -> 1.4172563
G99: =+E96/D96 -> 6.4351376
B100: Valor total Terceros | E100: 12684.96 | F100: =+E100-E98 -> 4306.141

Sheet Hoja1
E6: Nombre | F6: Camiones | J6: Arrastres
F7: Vuetas | G7: Carga | H7: % | I7: Media | J7: Vueltas | K7: Cargas | L7: % | M7: Media
D8: 1 | E8: Sr. Castro Choez Edgar | J8: =+'Rendimiento Choferes'!D12 -> 59 | K8: =+'Rendimiento Choferes'!E12 -> 1145.089 | L8: =+'Rendimiento Choferes'!I12 -> 0.86880804 | M8: =+'Rendimiento Choferes'!G13 -> 19.408288
D9: 2 | E9: Sr. Iñiga Bohorquez Hugo | J9: =+'Rendimiento Choferes'!D18 -> 14 | K9: =+'Rendimiento Choferes'!E18 -> 268.515 | L9: =+'Rendimiento Choferes'!I18 -> 0.6712875 | M9: =+'Rendimiento Choferes'!G19 -> 19.179643
D10: 3 | E10: Sr. Maldonado Reyes Santiago | J10: =+'Rendimiento Choferes'!D22 -> 23 | K10: =+'Rendimiento Choferes'!E22 -> 483.03 | L10: =+'Rendimiento Choferes'!I22 -> 1.0500652 | M10: =+'Rendimiento Choferes'!G23 -> 21.001304
D11: 4 | E11: Sr. Marquez Arias Rene | J11: =+'Rendimiento Choferes'!D31 -> 34 | K11: 530.46 | L11: 0.95 | M11: 23.06
D12: 5 | E12: Sr. Pionce Pachay Federico Demecio | J12: =+'Rendimiento Choferes'!D37 -> 43 | K12: =+'Rendimiento Choferes'!E37 -> 958.56 | L12: =+'Rendimiento Choferes'!I31 -> 0.96807692 | M12: =+'Rendimiento Choferes'!G32 -> 21.468529
D13: 6 | E13: Sr. Quinde Flores Victor Eloy | J13: =+'Rendimiento Choferes'!D43 -> 36 | K13: =+'Rendimiento Choferes'!E43 -> 681.19 | L13: =+'Rendimiento Choferes'!I43 -> 0.86445431 | M13: =+'Rendimiento Choferes'!G44 -> 18.921944
D14: 7 | E14: Sr. Tuaza Vargas Victor Galo | J14: =+'Rendimiento Choferes'!D52 -> 32 | K14: =+'Rendimiento Choferes'!E52 -> 674.125 | L14: =+'Rendimiento Choferes'!I52 -> 0.85548858 | M14: =+'Rendimiento Choferes'!G53 -> 21.066406
D15: 8 | E15: Sr. Valencia Yagual Anderson | J15: =+'Rendimiento Choferes'!D59 -> 47 | K15: =+'Rendimiento Choferes'!E59 -> 1065.91 | L15: =+'Rendimiento Choferes'!I59 -> 1.0055755 | M15: =+'Rendimiento Choferes'!G60 -> 22.678936
D16: 9 | E16: Sr. Villacreses De La A Carlos | J16: =+'Rendimiento Choferes'!D66 -> 36 | K16: =+'Rendimiento Choferes'!E66 -> 834.04 | L16: =+'Rendimiento Choferes'!I66 -> 0.95866667 | M16: =+'Rendimiento Choferes'!G67 -> 23.167778
D17: 10 | E17: Sr. Villon De Los Angeles Pablo | J17: =+'Rendimiento Choferes'!D72 -> 39 | K17: =+'Rendimiento Choferes'!E72 -> 837 | L17: =+'Rendimiento Choferes'!I72 -> 0.96206897 | M17: =+'Rendimiento Choferes'!G73 -> 21.461538
D18: 11 | E18: Sr. Alvan Garcia Jaime Enrique | F18: =+'Rendimiento Choferes'!D84 -> 15 | G18: =+'Rendimiento Choferes'!E84 -> 125.82 | H18: =+'Rendimiento Choferes'!I84 -> 0.93895522 | I18: =+'Rendimiento Choferes'!G85 -> 8.388
D19: 12 | E19: Sr. Crespin Figueroa Fidel Edberto | F19: =+'Rendimiento Choferes'!D89 -> 70 | G19: =+'Rendimiento Choferes'!E89 -> 400.625 | H19: =+'Rendimiento Choferes'!I89 -> 0.71540179 | I19: =+'Rendimiento Choferes'!G90 -> 5.7232143
D20: 13 | E20: Sr. Intriago Pincay Cesar Emiliano | F20: =+'Rendimiento Choferes'!D93 -> 24 | G20: =+'Rendimiento Choferes'!E93 -> 174.985 | H20: =+'Rendimiento Choferes'!I93 -> 0.60758681 | I20: =+'Rendimiento Choferes'!G94 -> 7.2910417
E26: Ordenes de Trabajo
F27: Abiertas
F28: Cerradas
F29: En Proceso
F30: Promedio de dias
E32: Promedio Dias Compras
E34: Dispnibilidad Promedio de equipos
